it,number
1,0.380266
2,0.009439
3,0.11937
